Map file name, A* time (s), New IDA time (s), A* expended nodes, New IDA expended nodes, A* generated nodes, New IDA generated nodes, A* memory used, New IDA memory used, A* cost, New IDA cost
map/33.txt,0.9588470458984375,0.4871633052825928,34722,18826,69467,37390,1375597,1254689,101,102
Sum,0.4716837406158447,0.4871633052825928,34722,18826,69467,37390,1375597,102,101,102
